antecedents,consequents,antecedent support,consequent support,support,confidence,lift,representativity,leverage,conviction,zhangs_metric,jaccard,certainty,kulczynski
"frozenset({'GREEN REGENCY TEACUP AND SAUCER', 'ROSES REGENCY TEACUP AND SAUCER '})",frozenset({'PINK REGENCY TEACUP AND SAUCER'}),0.03587771072352278,0.036872471649313614,0.02586378407056171,0.7208872458410353,19.550825143951386,1.0,0.024540884199066342,3.450675449256434,0.9841606964594996,0.5516265912305517,0.7102016649478049,0.7111630473809494
frozenset({'PINK REGENCY TEACUP AND SAUCER'}),"frozenset({'GREEN REGENCY TEACUP AND SAUCER', 'ROSES REGENCY TEACUP AND SAUCER '})",0.036872471649313614,0.03587771072352278,0.02586378407056171,0.7014388489208634,19.550825143951386,1.0,0.024540884199066342,3.2292288725163947,0.9851771813763139,0.5516265912305517,0.6903285460777067,0.7111630473809494
frozenset({'GREEN REGENCY TEACUP AND SAUCER'}),"frozenset({'PINK REGENCY TEACUP AND SAUCER', 'ROSES REGENCY TEACUP AND SAUCER '})",0.04582531998143113,0.028914384242986934,0.02586378407056171,0.5643994211287989,19.519676310094404,1.0,0.024538773160560783,2.229302858764439,0.9943353791977645,0.5291723202170965,0.5514292748208126,0.7294474169864178
"frozenset({'PINK REGENCY TEACUP AND SAUCER', 'ROSES REGENCY TEACUP AND SAUCER '})",frozenset({'GREEN REGENCY TEACUP AND SAUCER'}),0.028914384242986934,0.04582531998143113,0.02586378407056171,0.8944954128440368,19.5196763100944,1.0,0.024538773160560783,9.04391653234992,0.9770195612850807,0.5291723202170965,0.8894284355209362,0.7294474169864178
frozenset({'GREEN REGENCY TEACUP AND SAUCER'}),frozenset({'PINK REGENCY TEACUP AND SAUCER'}),0.04582531998143113,0.036872471649313614,0.03050600172425227,0.6657018813314037,18.05417026725942,1.0,0.028816308912416228,2.881043818572832,0.9899771548754397,0.5844980940279543,0.6529035783650924,0.7465200054139033
frozenset({'PINK REGENCY TEACUP AND SAUCER'}),frozenset({'GREEN REGENCY TEACUP AND SAUCER'}),0.036872471649313614,0.04582531998143113,0.03050600172425227,0.8273381294964028,18.05417026725942,1.0,0.028816308912416228,5.526261688440877,0.9807747231527801,0.5844980940279543,0.8190458475588169,0.7465200054139033
frozenset({'ROSES REGENCY TEACUP AND SAUCER '}),"frozenset({'PINK REGENCY TEACUP AND SAUCER', 'GREEN REGENCY TEACUP AND SAUCER'})",0.05192652032628158,0.03050600172425227,0.02586378407056171,0.4980842911877395,16.327419623521575,1.0,0.024279713551953745,1.9315872790074058,0.9901693857345788,0.45720984759671757,0.4822910614145922,0.6729551890721307
"frozenset({'PINK REGENCY TEACUP AND SAUCER', 'GREEN REGENCY TEACUP AND SAUCER'})",frozenset({'ROSES REGENCY TEACUP AND SAUCER '}),0.03050600172425227,0.05192652032628158,0.02586378407056171,0.8478260869565218,16.327419623521575,1.0,0.024279713551953745,6.230197152141582,0.9682920540708352,0.45720984759671757,0.8394914357314909,0.6729551890721307
"frozenset({'ROSES REGENCY TEACUP AND SAUCER ', 'REGENCY CAKESTAND 3 TIER'})",frozenset({'GREEN REGENCY TEACUP AND SAUCER'}),0.027853305922143377,0.04582531998143113,0.020691027256449366,0.7428571428571429,16.21062642133554,1.0,0.019414640600026456,3.710679311183324,0.9651959678223407,0.3904881101376721,0.7305075658286667,0.597188339880091
frozenset({'GREEN REGENCY TEACUP AND SAUCER'}),"frozenset({'ROSES REGENCY TEACUP AND SAUCER ', 'REGENCY CAKESTAND 3 TIER'})",0.04582531998143113,0.027853305922143377,0.020691027256449366,0.4515195369030391,16.21062642133554,1.0,0.019414640600026456,1.772436320864905,0.9833755693847438,0.3904881101376721,0.43580483641182394,0.597188339880091
frozenset({'ROSES REGENCY TEACUP AND SAUCER '}),"frozenset({'GREEN REGENCY TEACUP AND SAUCER', 'REGENCY CAKESTAND 3 TIER'})",0.05192652032628158,0.02480270574971815,0.020691027256449366,0.39846743295019155,16.065482410309997,1.0,0.019403109052189844,1.6211878585944177,0.9891161056347122,0.3692307692307692,0.3831683387593293,0.6163460159403364
"frozenset({'GREEN REGENCY TEACUP AND SAUCER', 'REGENCY CAKESTAND 3 TIER'})",frozenset({'ROSES REGENCY TEACUP AND SAUCER '}),0.02480270574971815,0.05192652032628158,0.020691027256449366,0.8342245989304813,16.065482410309997,1.0,0.019403109052189844,5.719023893515657,0.9616051578479323,0.3692307692307692,0.8251449865187974,0.6163460159403364
frozenset({'PINK REGENCY TEACUP AND SAUCER'}),frozenset({'ROSES REGENCY TEACUP AND SAUCER '}),0.036872471649313614,0.05192652032628158,0.028914384242986934,0.7841726618705036,15.101583101335025,1.0,0.026999725094408608,4.392740455821563,0.9695307727634812,0.48283499446290146,0.7723516765770372,0.6705026783171164
frozenset({'ROSES REGENCY TEACUP AND SAUCER '}),frozenset({'PINK REGENCY TEACUP AND SAUCER'}),0.05192652032628158,0.036872471649313614,0.028914384242986934,0.5568326947637292,15.101583101335024,1.0,0.026999725094408608,2.17328200201322,0.9849255325156712,0.48283499446290146,0.53986643285425,0.6705026783171164
frozenset({'GREEN REGENCY TEACUP AND SAUCER'}),frozenset({'ROSES REGENCY TEACUP AND SAUCER '}),0.04582531998143113,0.05192652032628158,0.03587771072352278,0.7829232995658466,15.077522904410474,1.0,0.03349816131404863,4.3674584963635965,0.9785169608890547,0.5798499464094319,0.7710338859928233,0.7369278055939067
frozenset({'ROSES REGENCY TEACUP AND SAUCER '}),frozenset({'GREEN REGENCY TEACUP AND SAUCER'}),0.05192652032628158,0.04582531998143113,0.03587771072352278,0.6909323116219668,15.077522904410474,1.0,0.03349816131404863,3.087267663035287,0.9848140761941604,0.5798499464094319,0.6760889857483762,0.7369278055939067
frozenset({'DOLLY GIRL LUNCH BOX'}),frozenset({'SPACEBOY LUNCH BOX '}),0.040851515352476955,0.04668744611711652,0.02811857550235427,0.6883116883116883,14.742971517119244,1.0,0.026211322580532943,3.058544443707585,0.9718735772087265,0.47321428571428575,0.6730470920383964,0.6452922077922079
frozenset({'SPACEBOY LUNCH BOX '}),frozenset({'DOLLY GIRL LUNCH BOX'}),0.04668744611711652,0.040851515352476955,0.02811857550235427,0.6022727272727273,14.742971517119244,1.0,0.026211322580532943,2.4115733328280577,0.9778231337161608,0.47321428571428575,0.5853329499098012,0.6452922077922079
frozenset({'GARDENERS KNEELING PAD CUP OF TEA '}),frozenset({'GARDENERS KNEELING PAD KEEP CALM '}),0.04211154585847868,0.05013595065985808,0.03070495390941044,0.7291338582677166,14.543134191559389,1.0,0.0285936515240394,3.5067655309941292,0.9721789911196469,0.4989224137931035,0.7148369370117224,0.6707838603507895
frozenset({'GARDENERS KNEELING PAD KEEP CALM '}),frozenset({'GARDENERS KNEELING PAD CUP OF TEA '}),0.05013595065985808,0.04211154585847868,0.03070495390941044,0.6124338624338624,14.543134191559389,1.0,0.0285936515240394,2.4715483663173727,0.980391911452362,0.4989224137931035,0.595395334508461,0.6707838603507895
frozenset({'ALARM CLOCK BAKELIKE RED '}),frozenset({'ALARM CLOCK BAKELIKE GREEN'}),0.05816035546123748,0.05232442469659792,0.03514821937794283,0.6043329532497149,11.549729533653297,1.0,0.03210501223828394,2.3951339468042754,0.9698231447603711,0.4665492957746479,0.5824868160988419,0.6380346642040716
frozenset({'ALARM CLOCK BAKELIKE GREEN'}),frozenset({'ALARM CLOCK BAKELIKE RED '}),0.05232442469659792,0.05816035546123748,0.03514821937794283,0.6717363751584283,11.549729533653297,1.0,0.03210501223828394,2.869156291664415,0.9638508258843103,0.4665492957746479,0.6514654838060795,0.6380346642040716
frozenset({'ALARM CLOCK BAKELIKE RED '}),frozenset({'ALARM CLOCK BAKELIKE PINK'}),0.05816035546123748,0.040652563167318786,0.02626168844087804,0.45153933865450396,11.10727844628265,1.0,0.02389732091665637,1.749163621834223,0.9661612249804054,0.3619744058500914,0.4282981949102216,0.5487713006486222
frozenset({'ALARM CLOCK BAKELIKE PINK'}),frozenset({'ALARM CLOCK BAKELIKE RED '}),0.040652563167318786,0.05816035546123748,0.02626168844087804,0.6460032626427405,11.10727844628265,1.0,0.02389732091665637,2.660588488950513,0.9485290831723846,0.3619744058500914,0.6241433035762488,0.5487713006486222
frozenset({'ALARM CLOCK BAKELIKE PINK'}),frozenset({'ALARM CLOCK BAKELIKE GREEN'}),0.040652563167318786,0.05232442469659792,0.02274686650308376,0.5595432300163132,10.693729233733825,1.0,0.0206197445229117,2.151574546892539,0.9448998536429445,0.323890462700661,0.5352240983496143,0.4971353665924405
frozenset({'ALARM CLOCK BAKELIKE GREEN'}),frozenset({'ALARM CLOCK BAKELIKE PINK'}),0.05232442469659792,0.040652563167318786,0.02274686650308376,0.4347275031685678,10.693729233733823,1.0,0.0206197445229117,1.6971415418407745,0.9565375285373572,0.323890462700661,0.41077395411854234,0.4971353665924405
"frozenset({""PAPER CHAIN KIT 50'S CHRISTMAS ""})",frozenset({'PAPER CHAIN KIT VINTAGE CHRISTMAS'}),0.06492472975661516,0.046223224351747465,0.02990914516877777,0.4606741573033708,9.96629213483146,1.0,0.026908114819261173,1.7684611048478016,0.962127659574468,0.3681632653061225,0.4345366164634632,0.5538664904163912
frozenset({'PAPER CHAIN KIT VINTAGE CHRISTMAS'}),"frozenset({""PAPER CHAIN KIT 50'S CHRISTMAS ""})",0.046223224351747465,0.06492472975661516,0.02990914516877777,0.6470588235294118,9.96629213483146,1.0,0.026908114819261173,2.6493799323562572,0.9432624113475176,0.3681632653061225,0.6225531914893617,0.5538664904163912
frozenset({'WOODEN PICTURE FRAME WHITE FINISH'}),frozenset({'WOODEN FRAME ANTIQUE WHITE '}),0.05809403806618476,0.05378340738775781,0.03103654088467405,0.5342465753424658,9.933297299123355,1.0,0.027912045568560525,2.0315826841380495,0.9547964767284629,0.383921246923708,0.5077729260995963,0.555655963380234
frozenset({'WOODEN FRAME ANTIQUE WHITE '}),frozenset({'WOODEN PICTURE FRAME WHITE FINISH'}),0.05378340738775781,0.05809403806618476,0.03103654088467405,0.5770653514180024,9.933297299123355,1.0,0.027912045568560525,2.2270721140767464,0.9504467591095008,0.383921246923708,0.5509799643759811,0.555655963380234
"frozenset({'LUNCH BAG RED RETROSPOT', 'LUNCH BAG  BLACK SKULL.'})",frozenset({'LUNCH BAG PINK POLKADOT'}),0.03428609324225745,0.06174149479408449,0.020425757676238478,0.5957446808510638,9.649016157414813,1.0,0.018308883028812145,2.320955249719896,0.9281863754978711,0.27017543859649124,0.5691429207346049,0.46328587426011836
frozenset({'LUNCH BAG PINK POLKADOT'}),"frozenset({'LUNCH BAG RED RETROSPOT', 'LUNCH BAG  BLACK SKULL.'})",0.06174149479408449,0.03428609324225745,0.020425757676238478,0.33082706766917297,9.649016157414813,1.0,0.018308883028812145,1.443145501109885,0.9553470455188012,0.27017543859649124,0.3070691768564386,0.46328587426011836
frozenset({'LUNCH BAG SPACEBOY DESIGN '}),frozenset({'LUNCH BAG DOLLY GIRL DESIGN'}),0.06552158631208967,0.03965780224152795,0.023608992638769147,0.36032388663967607,9.085825897390762,1.0,0.021010550526253093,1.5012944483945734,0.9523370961941603,0.2894308943089431,0.33390814768591087,0.47782080619609224
frozenset({'LUNCH BAG DOLLY GIRL DESIGN'}),frozenset({'LUNCH BAG SPACEBOY DESIGN '}),0.03965780224152795,0.06552158631208967,0.023608992638769147,0.5953177257525084,9.085825897390762,1.0,0.021010550526253093,2.3091656668816958,0.9266889042519101,0.2894308943089431,0.5669431542560552,0.47782080619609224
frozenset({'LUNCH BAG VINTAGE LEAF DESIGN'}),frozenset({'LUNCH BAG APPLE DESIGN'}),0.03959148484647523,0.05743086411565754,0.02016048809602759,0.509212730318258,8.866534365437658,1.0,0.017886714909672558,1.9205248263581995,0.923790603943916,0.26229508196721313,0.4793089960225858,0.43012599564411746
frozenset({'LUNCH BAG APPLE DESIGN'}),frozenset({'LUNCH BAG VINTAGE LEAF DESIGN'}),0.05743086411565754,0.03959148484647523,0.02016048809602759,0.35103926096997695,8.866534365437658,1.0,0.017886714909672558,1.4799177475497376,0.9412745744259333,0.26229508196721313,0.3242867708994809,0.43012599564411746
frozenset({'LUNCH BAG  BLACK SKULL.'}),"frozenset({'LUNCH BAG RED RETROSPOT', 'LUNCH BAG PINK POLKADOT'})",0.06976589959546389,0.03468399761257378,0.020425757676238478,0.29277566539923955,8.441231851921861,1.0,0.018005997381230345,1.3649360678918983,0.9476473480180616,0.24309392265193372,0.26736495318460657,0.4408428996212259
"frozenset({'LUNCH BAG RED RETROSPOT', 'LUNCH BAG PINK POLKADOT'})",frozenset({'LUNCH BAG  BLACK SKULL.'}),0.03468399761257378,0.06976589959546389,0.020425757676238478,0.5889101338432122,8.44123185192186,1.0,0.018005997381230345,2.2628485326119647,0.9132075673707989,0.24309392265193372,0.5580791265574818,0.4408428996212259
frozenset({'LUNCH BAG APPLE DESIGN'}),frozenset({'LUNCH BAG ALPHABET DESIGN'}),0.05743086411565754,0.042907354599111346,0.020425757676238478,0.3556581986143187,8.28897987156926,1.0,0.01796155122469458,1.4853803421454652,0.9329372871552567,0.2556016597510373,0.3267717556059667,0.4158507376379167
frozenset({'LUNCH BAG ALPHABET DESIGN'}),frozenset({'LUNCH BAG APPLE DESIGN'}),0.042907354599111346,0.05743086411565754,0.020425757676238478,0.4760432766615147,8.28897987156926,1.0,0.01796155122469458,1.7989446339739514,0.9187803258271663,0.2556016597510373,0.44411852309709277,0.4158507376379167
frozenset({'HEART OF WICKER SMALL'}),frozenset({'HEART OF WICKER LARGE'}),0.06366469925061344,0.053053916042177865,0.026924862391405267,0.42291666666666666,7.971450520833333,1.0,0.02354720078251272,1.6409174018041681,0.9340161756665808,0.2998522895125554,0.39058480402455825,0.46520833333333333
frozenset({'HEART OF WICKER LARGE'}),frozenset({'HEART OF WICKER SMALL'}),0.053053916042177865,0.06366469925061344,0.026924862391405267,0.5075,7.971450520833332,1.0,0.02354720078251272,1.901188427917536,0.9235502755260491,0.2998522895125554,0.47401320915078965,0.46520833333333333
frozenset({'LUNCH BAG RED RETROSPOT'}),"frozenset({'LUNCH BAG  BLACK SKULL.', 'LUNCH BAG PINK POLKADOT'})",0.08541680482790635,0.030771271304463162,0.020425757676238478,0.23913043478260873,7.771223763118441,1.0,0.017797374000918593,1.2738434719998486,0.952696422568078,0.21329639889196678,0.21497419268470452,0.4514617691154423
"frozenset({'LUNCH BAG  BLACK SKULL.', 'LUNCH BAG PINK POLKADOT'})",frozenset({'LUNCH BAG RED RETROSPOT'}),0.030771271304463162,0.08541680482790635,0.020425757676238478,0.6637931034482758,7.77122376311844,1.0,0.017797374000918593,2.7202987343580216,0.8989829875905825,0.21329639889196678,0.6323933149805344,0.4514617691154423
frozenset({'LUNCH BAG WOODLAND'}),frozenset({'LUNCH BAG SPACEBOY DESIGN '}),0.05438026394323231,0.06552158631208967,0.026858544996352544,0.49390243902439024,7.5380110101708295,1.0,0.02329546383872183,1.8464392752387624,0.9172175424834563,0.28866714183891656,0.45841706607400334,0.45191073368223555
frozenset({'LUNCH BAG SPACEBOY DESIGN '}),frozenset({'LUNCH BAG WOODLAND'}),0.06552158631208967,0.05438026394323231,0.026858544996352544,0.4099190283400809,7.5380110101708295,1.0,0.02329546383872183,1.6025253846039218,0.9281530720510685,0.28866714183891656,0.37598492379129533,0.45191073368223555
frozenset({'PACK OF 60 PINK PAISLEY CAKE CASES'}),frozenset({'PACK OF 72 RETROSPOT CAKE CASES'}),0.04430001989521851,0.06804164732409311,0.022150009947609257,0.5,7.348440545808967,1.0,0.01913576361744849,1.8639167053518138,0.9039622510582195,0.2455882352941176,0.46349533907350743,0.4127680311890838
frozenset({'PACK OF 72 RETROSPOT CAKE CASES'}),frozenset({'PACK OF 60 PINK PAISLEY CAKE CASES'}),0.06804164732409311,0.04430001989521851,0.022150009947609257,0.3255360623781676,7.348440545808967,1.0,0.01913576361744849,1.4169771381322338,0.9269906781470149,0.2455882352941176,0.2942723117479973,0.4127680311890838
frozenset({'PACK OF 72 RETROSPOT CAKE CASES'}),frozenset({'60 TEATIME FAIRY CAKE CASES'}),0.06804164732409311,0.04357052854963857,0.021752105577292923,0.31968810916179335,7.337255704795559,1.0,0.018787495039994086,1.4058691084642847,0.9267680887511217,0.24206642066420664,0.2886962278498601,0.4094635370770915
frozenset({'60 TEATIME FAIRY CAKE CASES'}),frozenset({'PACK OF 72 RETROSPOT CAKE CASES'}),0.04357052854963857,0.06804164732409311,0.021752105577292923,0.4992389649923896,7.337255704795559,1.0,0.018787495039994086,1.8610840051917046,0.9030558834571843,0.24206642066420664,0.46267874141608506,0.4094635370770915
frozenset({'LUNCH BAG PINK POLKADOT'}),frozenset({'LUNCH BAG CARS BLUE'}),0.06174149479408449,0.06406260362092978,0.028317527687512434,0.4586466165413534,7.159350238951416,1.0,0.0243622067795553,1.728884357200227,0.9169354876087451,0.2904761904761904,0.42159231423702037,0.4503378010242999
frozenset({'LUNCH BAG CARS BLUE'}),frozenset({'LUNCH BAG PINK POLKADOT'}),0.06406260362092978,0.06174149479408449,0.028317527687512434,0.44202898550724634,7.159350238951416,1.0,0.0243622067795553,1.681554204135277,0.9192094720249786,0.2904761904761904,0.40531206336328585,0.4503378010242999
frozenset({'LUNCH BAG PINK POLKADOT'}),frozenset({'LUNCH BAG  BLACK SKULL.'}),0.06174149479408449,0.06976589959546389,0.030771271304463162,0.49838882921589694,7.143731136641169,1.0,0.02646382037778521,1.8544923928835613,0.9166099997075255,0.3054641211323239,0.46076888541716043,0.4697267339995834
frozenset({'LUNCH BAG  BLACK SKULL.'}),frozenset({'LUNCH BAG PINK POLKADOT'}),0.06976589959546389,0.06174149479408449,0.030771271304463162,0.44106463878326996,7.143731136641168,1.0,0.02646382037778521,1.6786529718990189,0.9245168800072766,0.3054641211323239,0.4042842584261329,0.4697267339995834
frozenset({'LUNCH BAG APPLE DESIGN'}),frozenset({'LUNCH BAG SUKI DESIGN '}),0.05743086411565754,0.05961933815239737,0.02387426221898004,0.41570438799076215,6.972643455520248,1.0,0.02045027211088427,1.6094261920158575,0.908774048797267,0.25622775800711745,0.3786605406567491,0.40807466340583715
frozenset({'LUNCH BAG SUKI DESIGN '}),frozenset({'LUNCH BAG APPLE DESIGN'}),0.05961933815239737,0.05743086411565754,0.02387426221898004,0.40044493882091214,6.972643455520247,1.0,0.02045027211088427,1.5721143843414171,0.910888967246513,0.25622775800711745,0.36391396837265416,0.40807466340583715
frozenset({'LUNCH BAG CARS BLUE'}),frozenset({'LUNCH BAG WOODLAND'}),0.06406260362092978,0.05438026394323231,0.02400689700908548,0.3747412008281573,6.891125082058274,1.0,0.02052315571528865,1.5123653394550292,0.9134006380230913,0.2542134831460674,0.3387841059883431,0.4081023077311518
frozenset({'LUNCH BAG WOODLAND'}),frozenset({'LUNCH BAG CARS BLUE'}),0.05438026394323231,0.06406260362092978,0.02400689700908548,0.4414634146341463,6.891125082058273,1.0,0.02052315571528865,1.6756957751765011,0.9040481944329818,0.2542134831460674,0.4032329645906818,0.4081023077311518
frozenset({'LUNCH BAG SUKI DESIGN '}),frozenset({'LUNCH BAG CARS BLUE'}),0.05961933815239737,0.06406260362092978,0.02586378407056171,0.4338153503893215,6.771740857681758,1.0,0.0220444140423625,1.6530603523473166,0.9063643267874579,0.264406779661017,0.39506140923408056,0.4187710292319278
frozenset({'LUNCH BAG CARS BLUE'}),frozenset({'LUNCH BAG SUKI DESIGN '}),0.06406260362092978,0.05961933815239737,0.02586378407056171,0.40372670807453415,6.771740857681758,1.0,0.0220444140423625,1.5770967349735836,0.9106671971831752,0.264406779661017,0.36592348597009167,0.4187710292319278
frozenset({'LUNCH BAG PINK POLKADOT'}),frozenset({'LUNCH BAG RED RETROSPOT'}),0.06174149479408449,0.08541680482790635,0.03468399761257378,0.5617615467239527,6.576709909200686,1.0,0.029410236401964267,2.086953320355929,0.9037469774592657,0.308372641509434,0.5208325982923996,0.48390872367253535
frozenset({'LUNCH BAG RED RETROSPOT'}),frozenset({'LUNCH BAG PINK POLKADOT'}),0.08541680482790635,0.06174149479408449,0.03468399761257378,0.406055900621118,6.576709909200686,1.0,0.029410236401964267,1.579708437523162,0.9271417763101799,0.308372641509434,0.36697179286583537,0.48390872367253535
frozenset({'LUNCH BAG SUKI DESIGN '}),frozenset({'LUNCH BAG  BLACK SKULL.'}),0.05961933815239737,0.06976589959546389,0.027123814576563432,0.45494994438264735,6.521093356792718,1.0,0.022964417817075266,1.7066948087013836,0.900328469796297,0.26523994811932555,0.41407216164154415,0.4218666071723123
frozenset({'LUNCH BAG  BLACK SKULL.'}),frozenset({'LUNCH BAG SUKI DESIGN '}),0.06976589959546389,0.05961933815239737,0.027123814576563432,0.38878326996197715,6.521093356792718,1.0,0.022964417817075266,1.53853881222967,0.9101488345128318,0.26523994811932555,0.3500326465272675,0.4218666071723123
frozenset({'LUNCH BAG SUKI DESIGN '}),frozenset({'LUNCH BAG PINK POLKADOT'}),0.05961933815239737,0.06174149479408449,0.023741627428874593,0.3982202447163515,6.44979921598052,1.0,0.02006064037271159,1.5591393644734157,0.8985259354981051,0.2432065217391304,0.3586205166863065,0.39137650259448076
frozenset({'LUNCH BAG PINK POLKADOT'}),frozenset({'LUNCH BAG SUKI DESIGN '}),0.06174149479408449,0.05961933815239737,0.023741627428874593,0.3845327604726101,6.44979921598052,1.0,0.02006064037271159,1.5279134313789144,0.9005582248630992,0.2432065217391304,0.3455126583333207,0.39137650259448076
frozenset({'LUNCH BAG SPACEBOY DESIGN '}),frozenset({'LUNCH BAG SUKI DESIGN '}),0.06552158631208967,0.05961933815239737,0.02506797532992904,0.3825910931174089,6.417231471765749,1.0,0.021161621719307078,1.5231083506646417,0.903359080564389,0.2504970178926441,0.34344789091095973,0.4015291394396833
frozenset({'LUNCH BAG SUKI DESIGN '}),frozenset({'LUNCH BAG SPACEBOY DESIGN '}),0.05961933815239737,0.06552158631208967,0.02506797532992904,0.42046718576195774,6.417231471765749,1.0,0.021161621719307078,1.6124685103751082,0.897689196349281,0.2504970178926441,0.3798328503374183,0.4015291394396833
frozenset({'LUNCH BAG WOODLAND'}),frozenset({'LUNCH BAG PINK POLKADOT'}),0.05438026394323231,0.06174149479408449,0.0210889316267657,0.3878048780487805,6.281106075292762,1.0,0.01773141284361368,1.5326134945594636,0.8891442721159006,0.22191207257501744,0.3475197735437915,0.36468654213932045
frozenset({'LUNCH BAG PINK POLKADOT'}),frozenset({'LUNCH BAG WOODLAND'}),0.06174149479408449,0.05438026394323231,0.0210889316267657,0.3415682062298604,6.281106075292762,1.0,0.01773141284361368,1.4361696154467387,0.8961201707732985,0.22191207257501744,0.30370341410618307,0.36468654213932045
frozenset({'LUNCH BAG SUKI DESIGN '}),frozenset({'LUNCH BAG WOODLAND'}),0.05961933815239737,0.05438026394323231,0.020359440281185755,0.3414905450500556,6.279677961963157,1.0,0.017117324936337566,1.4360002410726929,0.8940593945686681,0.21742209631728046,0.3036212868230443,0.3579403944762473
frozenset({'LUNCH BAG WOODLAND'}),frozenset({'LUNCH BAG SUKI DESIGN '}),0.05438026394323231,0.05961933815239737,0.020359440281185755,0.374390243902439,6.279677961963157,1.0,0.017117324936337566,1.5031425783918795,0.8891059832375141,0.21742209631728046,0.3347271147958306,0.3579403944762473
frozenset({'LUNCH BAG  BLACK SKULL.'}),frozenset({'LUNCH BAG CARS BLUE'}),0.06976589959546389,0.06406260362092978,0.0279196233171961,0.40019011406844107,6.24685996898346,1.0,0.02345023814515431,1.5603900808094802,0.9029120459405825,0.2636192861615529,0.3591346085196644,0.4180039597257319
frozenset({'LUNCH BAG CARS BLUE'}),frozenset({'LUNCH BAG  BLACK SKULL.'}),0.06406260362092978,0.06976589959546389,0.0279196233171961,0.4358178053830227,6.246859968983459,1.0,0.02345023814515431,1.6488186073225355,0.8974099956358357,0.2636192861615529,0.3935051463157197,0.4180039597257319
frozenset({'LUNCH BAG WOODLAND'}),frozenset({'LUNCH BAG RED RETROSPOT'}),0.05438026394323231,0.08541680482790635,0.02871543205782877,0.5280487804878049,6.182024503863052,1.0,0.024070443666099662,1.9378765375739453,0.8864458523582286,0.25850746268656716,0.48397125378693423,0.43211445235570367
frozenset({'LUNCH BAG RED RETROSPOT'}),frozenset({'LUNCH BAG WOODLAND'}),0.08541680482790635,0.05438026394323231,0.02871543205782877,0.3361801242236025,6.182024503863051,1.0,0.024070443666099662,1.4245125380597856,0.9165275475872657,0.25850746268656716,0.2980054767632865,0.43211445235570367
frozenset({'LUNCH BAG CARS BLUE'}),frozenset({'LUNCH BAG SPACEBOY DESIGN '}),0.06406260362092978,0.06552158631208967,0.02593010146561443,0.4047619047619047,6.17753518411413,1.0,0.02173261805308849,1.569923734995689,0.8954905989888338,0.2501599488163787,0.3630263829327061,0.40025544630807786
frozenset({'LUNCH BAG SPACEBOY DESIGN '}),frozenset({'LUNCH BAG CARS BLUE'}),0.06552158631208967,0.06406260362092978,0.02593010146561443,0.39574898785425094,6.17753518411413,1.0,0.02173261805308849,1.548921520305731,0.896888710774921,0.2501599488163787,0.3543894981828279,0.40025544630807786
frozenset({'JAM MAKING SET PRINTED'}),frozenset({'JAM MAKING SET WITH JARS'}),0.05756349890576298,0.058226672856290206,0.020425757676238478,0.3548387096774194,6.094092144904108,1.0,0.017074026656989198,1.4597486570727503,0.8869633638474677,0.21418636995827536,0.31495056004688454,0.35281798809611287
frozenset({'JAM MAKING SET WITH JARS'}),frozenset({'JAM MAKING SET PRINTED'}),0.058226672856290206,0.05756349890576298,0.020425757676238478,0.35079726651480636,6.094092144904107,1.0,0.017074026656989198,1.4516828911591932,0.8875879419503109,0.21418636995827536,0.3111443235364693,0.35281798809611287
frozenset({'LUNCH BAG WOODLAND'}),frozenset({'LUNCH BAG  BLACK SKULL.'}),0.05438026394323231,0.06976589959546389,0.023012136083294648,0.42317073170731706,6.065581238987295,1.0,0.019218248049056277,1.61266799647298,0.8831619162415849,0.2275409836065574,0.37990956465492504,0.3765093202262821
frozenset({'LUNCH BAG  BLACK SKULL.'}),frozenset({'LUNCH BAG WOODLAND'}),0.06976589959546389,0.05438026394323231,0.023012136083294648,0.3298479087452471,6.065581238987294,1.0,0.019218248049056277,1.4110524288393185,0.8977690000491025,0.2275409836065574,0.2913091111557319,0.3765093202262821
frozenset({'LUNCH BAG  BLACK SKULL.'}),frozenset({'LUNCH BAG SPACEBOY DESIGN '}),0.06976589959546389,0.06552158631208967,0.027720671132037935,0.3973384030418251,6.064236618894413,1.0,0.023149498720053167,1.5505856328070688,0.8977297031050506,0.2577065351418002,0.35508237736623954,0.41020766305937406
frozenset({'LUNCH BAG SPACEBOY DESIGN '}),frozenset({'LUNCH BAG  BLACK SKULL.'}),0.06552158631208967,0.06976589959546389,0.027720671132037935,0.4230769230769231,6.064236618894413,1.0,0.023149498720053167,1.6124057740345294,0.8936522990174258,0.2577065351418002,0.3798087205444445,0.41020766305937406
frozenset({'LUNCH BAG DOLLY GIRL DESIGN'}),frozenset({'LUNCH BAG RED RETROSPOT'}),0.03965780224152795,0.08541680482790635,0.0204920750712912,0.516722408026756,6.049423284654855,1.0,0.017104632317322902,1.8924593450273774,0.8691641251151773,0.19594166138237162,0.4715870633482309,0.3783146201624463
frozenset({'LUNCH BAG RED RETROSPOT'}),frozenset({'LUNCH BAG DOLLY GIRL DESIGN'}),0.08541680482790635,0.03965780224152795,0.0204920750712912,0.23990683229813667,6.049423284654854,1.0,0.017104632317322902,1.2634532693696754,0.9126506921755407,0.19594166138237162,0.20851841200356347,0.3783146201624463
frozenset({'LUNCH BAG PINK POLKADOT'}),frozenset({'LUNCH BAG SPACEBOY DESIGN '}),0.06174149479408449,0.06552158631208967,0.024338483984349096,0.3941997851772288,6.016334575594567,1.0,0.020293083304161054,1.5425521332330576,0.888652578155875,0.23646907216494847,0.3517236931862489,0.38282863752788565
frozenset({'LUNCH BAG SPACEBOY DESIGN '}),frozenset({'LUNCH BAG PINK POLKADOT'}),0.06552158631208967,0.06174149479408449,0.024338483984349096,0.3714574898785425,6.016334575594567,1.0,0.020293083304161054,1.4927526620667384,0.8922472979738357,0.23646907216494847,0.3300966560558766,0.38282863752788565
frozenset({'JUMBO BAG RED RETROSPOT'}),frozenset({'JUMBO BAG STRAWBERRY'}),0.10590887989919756,0.043371576364480406,0.0273227667617216,0.2579837194740138,5.948220957108033,1.0,0.022729331689496972,1.2892283481400209,0.9304225122889492,0.2240348015225666,0.22434221878326888,0.4439765692171292
frozenset({'JUMBO BAG STRAWBERRY'}),frozenset({'JUMBO BAG RED RETROSPOT'}),0.043371576364480406,0.10590887989919756,0.0273227667617216,0.6299694189602446,5.948220957108033,1.0,0.022729331689496972,2.4162627791153914,0.8695983577594186,0.2240348015225666,0.5861377294542004,0.4439765692171292
frozenset({'JUMBO BAG RED RETROSPOT'}),frozenset({'JUMBO BAG PINK POLKADOT'}),0.10590887989919756,0.05776245109092115,0.036076662908680945,0.3406386975579211,5.89723412224557,1.0,0.029959106413409306,1.4290155418877482,0.928796810780387,0.2827442827442827,0.300217547893855,0.4826040789741385
frozenset({'JUMBO BAG PINK POLKADOT'}),frozenset({'JUMBO BAG RED RETROSPOT'}),0.05776245109092115,0.10590887989919756,0.036076662908680945,0.6245694603903559,5.89723412224557,1.0,0.029959106413409306,2.3815087633266017,0.8813371764457473,0.2827442827442827,0.5800981229213898,0.4826040789741385
frozenset({'LUNCH BAG RED RETROSPOT'}),frozenset({'LUNCH BAG SUKI DESIGN '}),0.08541680482790635,0.05961933815239737,0.029842827773725048,0.34937888198757766,5.860160357609214,1.0,0.02475033440279277,1.4453583442240001,0.9068133001393823,0.25906735751295334,0.30813005370174074,0.42496752775685886
frozenset({'LUNCH BAG SUKI DESIGN '}),frozenset({'LUNCH BAG RED RETROSPOT'}),0.05961933815239737,0.08541680482790635,0.029842827773725048,0.5005561735261401,5.860160357609214,1.0,0.02475033440279277,1.8312033239637242,0.8819366870396489,0.25906735751295334,0.45391099562038045,0.42496752775685886
frozenset({'LUNCH BAG RED RETROSPOT'}),frozenset({'LUNCH BAG  BLACK SKULL.'}),0.08541680482790635,0.06976589959546389,0.03428609324225745,0.4013975155279504,5.75349157475852,1.0,0.028326913012868396,1.5540097552802108,0.9033541203041201,0.283598464070214,0.35650339606800907,0.4464211912240512
frozenset({'LUNCH BAG  BLACK SKULL.'}),frozenset({'LUNCH BAG RED RETROSPOT'}),0.06976589959546389,0.08541680482790635,0.03428609324225745,0.4914448669201521,5.75349157475852,1.0,0.028326913012868396,1.7983953669552197,0.8881554625446725,0.283598464070214,0.44394874543462937,0.4464211912240512
frozenset({'LUNCH BAG CARS BLUE'}),frozenset({'LUNCH BAG RED RETROSPOT'}),0.06406260362092978,0.08541680482790635,0.030373366934146828,0.474120082815735,5.550665162095084,1.0,0.024901344023890343,1.7391483593233121,0.8759575317996322,0.25501113585746105,0.4250059262401905,0.4148550724637681
frozenset({'LUNCH BAG RED RETROSPOT'}),frozenset({'LUNCH BAG CARS BLUE'}),0.08541680482790635,0.06406260362092978,0.030373366934146828,0.3555900621118013,5.5506651620950835,1.0,0.024901344023890343,1.4523944175135453,0.896409879362498,0.25501113585746105,0.31148179313993135,0.4148550724637681
frozenset({'LUNCH BAG RED RETROSPOT'}),frozenset({'LUNCH BAG SPACEBOY DESIGN '}),0.08541680482790635,0.06552158631208967,0.030970223489621328,0.3625776397515528,5.533712783212211,1.0,0.025373578939586743,1.466027036333774,0.8958064231133577,0.2581536760641238,0.31788433963619794,0.41762485226444035
frozenset({'LUNCH BAG SPACEBOY DESIGN '}),frozenset({'LUNCH BAG RED RETROSPOT'}),0.06552158631208967,0.08541680482790635,0.030970223489621328,0.47267206477732787,5.533712783212211,1.0,0.025373578939586743,1.7343727386372907,0.8767345384398777,0.2581536760641238,0.4234226716537834,0.41762485226444035
frozenset({'LUNCH BAG SPACEBOY DESIGN '}),frozenset({'LUNCH BAG APPLE DESIGN'}),0.06552158631208967,0.05743086411565754,0.020558392466343924,0.31376518218623484,5.463354713840918,1.0,0.016795431146211976,1.3735373248580094,0.8742441411928457,0.20077720207253888,0.2719528025178523,0.3358664248113622
frozenset({'LUNCH BAG APPLE DESIGN'}),frozenset({'LUNCH BAG SPACEBOY DESIGN '}),0.05743086411565754,0.06552158631208967,0.020558392466343924,0.3579676674364896,5.463354713840918,1.0,0.016795431146211976,1.4555005508160617,0.8667398996375422,0.20077720207253888,0.31295113599282004,0.3358664248113622
frozenset({'LUNCH BAG  BLACK SKULL.'}),frozenset({'LUNCH BAG APPLE DESIGN'}),0.06976589959546389,0.05743086411565754,0.021221566416871146,0.3041825095057034,5.296498915515591,1.0,0.01721485051729745,1.354621217145257,0.8720342910101946,0.2002503128911139,0.2617862563031381,0.3368487605265238
frozenset({'LUNCH BAG APPLE DESIGN'}),frozenset({'LUNCH BAG  BLACK SKULL.'}),0.05743086411565754,0.06976589959546389,0.021221566416871146,0.3695150115473441,5.296498915515591,1.0,0.01721485051729745,1.4754262471617734,0.8606223175965665,0.2002503128911139,0.3222297611123121,0.3368487605265238
frozenset({'JUMBO STORAGE BAG SUKI'}),frozenset({'JUMBO BAG RED RETROSPOT'}),0.05132966377080708,0.10590887989919756,0.02878174945288149,0.5607235142118864,5.294395661115238,1.0,0.023345482257312894,2.035372138111827,0.8550083194139525,0.22405782137325764,0.5086893540128345,0.4162415316832757
frozenset({'JUMBO BAG RED RETROSPOT'}),frozenset({'JUMBO STORAGE BAG SUKI'}),0.10590887989919756,0.05132966377080708,0.02878174945288149,0.271759549154665,5.294395661115237,1.0,0.023345482257312894,1.3026883292846267,0.9072017511657464,0.22405782137325764,0.23235667540742352,0.4162415316832757
frozenset({'LUNCH BAG RED RETROSPOT'}),frozenset({'LUNCH BAG APPLE DESIGN'}),0.08541680482790635,0.05743086411565754,0.025797466675508987,0.3020186335403727,5.258820987477229,1.0,0.020891905764243858,1.3504216318342972,0.8854780109750799,0.2203966005665723,0.25949053508444947,0.3756051597263065
frozenset({'LUNCH BAG APPLE DESIGN'}),frozenset({'LUNCH BAG RED RETROSPOT'}),0.05743086411565754,0.08541680482790635,0.025797466675508987,0.4491916859122402,5.258820987477228,1.0,0.020891905764243858,1.6604382537086648,0.859187170151082,0.2203966005665723,0.3977493605881132,0.3756051597263065
frozenset({'JUMBO BAG RED RETROSPOT'}),frozenset({'JUMBO  BAG BAROQUE BLACK WHITE'}),0.10590887989919756,0.04303998938921679,0.023940579614032762,0.22604884157795868,5.252065457864467,1.0,0.019382262546947464,1.236460466784321,0.9054991142391148,0.19151193633952254,0.19123981165308654,0.39114460568882525
frozenset({'JUMBO  BAG BAROQUE BLACK WHITE'}),frozenset({'JUMBO BAG RED RETROSPOT'}),0.04303998938921679,0.10590887989919756,0.023940579614032762,0.5562403697996918,5.252065457864466,1.0,0.019382262546947464,2.0148095032827107,0.8460110227423248,0.19151193633952254,0.5036751621576586,0.39114460568882525
frozenset({'JUMBO BAG PINK VINTAGE PAISLEY'}),frozenset({'JUMBO BAG RED RETROSPOT'}),0.03992307182173884,0.10590887989919756,0.02188474036739837,0.5481727574750831,5.1758904257775695,1.0,0.017656532548622792,1.978834023164276,0.8403457103325861,0.17656500802568217,0.49465190698462974,0.3774051013424257
frozenset({'JUMBO BAG RED RETROSPOT'}),frozenset({'JUMBO BAG PINK VINTAGE PAISLEY'}),0.10590887989919756,0.03992307182173884,0.02188474036739837,0.20663744520976832,5.175890425777569,1.0,0.017656532548622792,1.2101364280194815,0.9023649939537791,0.17656500802568217,0.17364689067611358,0.3774051013424257
frozenset({'RED HANGING HEART T-LIGHT HOLDER'}),frozenset({'WHITE HANGING HEART T-LIGHT HOLDER'}),0.04502951124079846,0.13051263346375755,0.030108097353935936,0.6686303387334316,5.1231081695942144,1.0,0.024231177258313457,2.6239196527915944,0.8427548335780715,0.20702234382124943,0.6188907694120521,0.44966069782200035
frozenset({'WHITE HANGING HEART T-LIGHT HOLDER'}),frozenset({'RED HANGING HEART T-LIGHT HOLDER'}),0.13051263346375755,0.04502951124079846,0.030108097353935936,0.2306910569105691,5.1231081695942144,1.0,0.024231177258313457,1.241335483406941,0.9256097630633994,0.20702234382124943,0.19441600327461608,0.44966069782200035
"frozenset({'GREEN REGENCY TEACUP AND SAUCER', 'ROSES REGENCY TEACUP AND SAUCER '})",frozenset({'REGENCY CAKESTAND 3 TIER'}),0.03587771072352278,0.11293852377478612,0.020691027256449366,0.5767097966728282,5.106404594262816,1.0,0.01663905157091589,2.0956343171958114,0.834092837162379,0.1614906832298137,0.5228175107677613,0.3799579517715286
frozenset({'REGENCY CAKESTAND 3 TIER'}),"frozenset({'GREEN REGENCY TEACUP AND SAUCER', 'ROSES REGENCY TEACUP AND SAUCER '})",0.11293852377478612,0.03587771072352278,0.020691027256449366,0.183206106870229,5.106404594262816,1.0,0.01663905157091589,1.1803740177123225,0.9065521580940988,0.1614906832298137,0.15281090146486334,0.3799579517715286
frozenset({'PINK REGENCY TEACUP AND SAUCER'}),frozenset({'REGENCY CAKESTAND 3 TIER'}),0.036872471649313614,0.11293852377478612,0.0204920750712912,0.5557553956834533,4.9208664776927735,1.0,0.01632775255529007,1.996786157008984,0.8272879064499188,0.1584615384615385,0.4991952460758666,0.3685999526861189
frozenset({'REGENCY CAKESTAND 3 TIER'}),frozenset({'PINK REGENCY TEACUP AND SAUCER'}),0.11293852377478612,0.036872471649313614,0.0204920750712912,0.1814445096887845,4.920866477692773,1.0,0.01632775255529007,1.1766184941041742,0.8982283392174168,0.1584615384615385,0.1501068485572665,0.3685999526861189
frozenset({'REGENCY CAKESTAND 3 TIER'}),frozenset({'GREEN REGENCY TEACUP AND SAUCER'}),0.11293852377478612,0.04582531998143113,0.02480270574971815,0.2196124486200822,4.792382218150824,1.0,0.01962726175950811,1.2226933634850434,0.8920864330399406,0.18514851485148517,0.18213345237296494,0.3804285108512857
frozenset({'GREEN REGENCY TEACUP AND SAUCER'}),frozenset({'REGENCY CAKESTAND 3 TIER'}),0.04582531998143113,0.11293852377478612,0.02480270574971815,0.5412445730824892,4.792382218150824,1.0,0.01962726175950811,1.9336261200997567,0.8293402924897307,0.18514851485148517,0.4828369406033832,0.3804285108512857
frozenset({'ROSES REGENCY TEACUP AND SAUCER '}),frozenset({'REGENCY CAKESTAND 3 TIER'}),0.05192652032628158,0.11293852377478612,0.027853305922143377,0.5363984674329502,4.7494729832187055,1.0,0.02198880137173171,1.9134135974775275,0.8326889639459588,0.2032913843175218,0.47737384049203463,0.3915110364175908
frozenset({'REGENCY CAKESTAND 3 TIER'}),frozenset({'ROSES REGENCY TEACUP AND SAUCER '}),0.11293852377478612,0.05192652032628158,0.027853305922143377,0.24662360540223136,4.7494729832187055,1.0,0.02198880137173171,1.2584326858022936,0.8899612312030075,0.2032913843175218,0.205360754467001,0.3915110364175908
frozenset({'JUMBO SHOPPER VINTAGE RED PAISLEY'}),frozenset({'JUMBO BAG RED RETROSPOT'}),0.05239074209165064,0.10590887989919756,0.02626168844087804,0.50126582278481,4.732991447571791,1.0,0.02071304362886358,1.792720773806177,0.8323231616324205,0.19889502762430936,0.4421886472164479,0.374615378518266
frozenset({'JUMBO BAG RED RETROSPOT'}),frozenset({'JUMBO SHOPPER VINTAGE RED PAISLEY'}),0.10590887989919756,0.05239074209165064,0.02626168844087804,0.24796493425172195,4.732991447571791,1.0,0.02071304362886358,1.2600599374518184,0.8821440184368534,0.19889502762430936,0.20638695805036847,0.374615378518266
frozenset({'JUMBO BAG RED RETROSPOT'}),frozenset({'JUMBO BAG APPLES'}),0.10590887989919756,0.04761588964785463,0.023277405663505536,0.21978710081402628,4.615835227262816,1.0,0.018234460125497454,1.2206720900741381,0.87614614146286,0.17871690427698572,0.18077917228429097,0.3543225197663446
frozenset({'JUMBO BAG APPLES'}),frozenset({'JUMBO BAG RED RETROSPOT'}),0.04761588964785463,0.10590887989919756,0.023277405663505536,0.4888579387186629,4.615835227262816,1.0,0.018234460125497454,1.749202790823913,0.8225194818746799,0.17871690427698572,0.4283109967318438,0.3543225197663446
frozenset({'PARTY BUNTING'}),frozenset({'SPOTTY BUNTING'}),0.09145168777770409,0.0665163472378805,0.025797466675508987,0.28208846990572883,4.240889369599686,1.0,0.01971443445579699,1.300276724402993,0.8411224738708648,0.19518314099347714,0.23093293817195829,0.3349624802170718
frozenset({'SPOTTY BUNTING'}),frozenset({'PARTY BUNTING'}),0.0665163472378805,0.09145168777770409,0.025797466675508987,0.3878364905284148,4.240889369599686,1.0,0.01971443445579699,1.4841595393468452,0.8186542975298983,0.19518314099347714,0.3262179883706545,0.3349624802170718
frozenset({'JUMBO BAG VINTAGE LEAF'}),frozenset({'JUMBO BAG RED RETROSPOT'}),0.05119702898070164,0.10590887989919756,0.022879501293189202,0.44689119170984454,4.219581890915934,1.0,0.017457281299676337,1.6164832428988747,0.8041813929129655,0.17045454545454544,0.38137311079904657,0.33146062403275567
frozenset({'JUMBO BAG RED RETROSPOT'}),frozenset({'JUMBO BAG VINTAGE LEAF'}),0.10590887989919756,0.05119702898070164,0.022879501293189202,0.21603005635566686,4.219581890915934,1.0,0.017457281299676337,1.2102542689439453,0.8533914247445333,0.17045454545454544,0.1737273516311666,0.33146062403275567
frozenset({'LUNCH BAG RED RETROSPOT'}),frozenset({'JUMBO BAG RED RETROSPOT'}),0.08541680482790635,0.10590887989919756,0.02818489289740699,0.3299689440993789,3.1155928040541854,1.0,0.019138494773515057,1.3344025060137121,0.742451641522391,0.17276422764227642,0.2506009277610543,0.29804646328325235
frozenset({'JUMBO BAG RED RETROSPOT'}),frozenset({'LUNCH BAG RED RETROSPOT'}),0.10590887989919756,0.08541680482790635,0.02818489289740699,0.2661239824671258,3.1155928040541854,1.0,0.019138494773515057,1.246236657585182,0.7594682234264423,0.17276422764227642,0.19758418763119354,0.29804646328325235
frozenset({'WHITE HANGING HEART T-LIGHT HOLDER'}),frozenset({'WOODEN PICTURE FRAME WHITE FINISH'}),0.13051263346375755,0.05809403806618476,0.020425757676238478,0.1565040650406504,2.693978078479415,1.0,0.012843751779676928,1.1166692367986437,0.7231867362292196,0.12145110410094637,0.10447967307948794,0.2540511192783161
frozenset({'WOODEN PICTURE FRAME WHITE FINISH'}),frozenset({'WHITE HANGING HEART T-LIGHT HOLDER'}),0.05809403806618476,0.13051263346375755,0.020425757676238478,0.35159817351598177,2.693978078479415,1.0,0.012843751779676928,1.3409699526157544,0.6675844046117931,0.12145110410094637,0.2542711355691777,0.2540511192783161
